-- Generated by scripts/generate_birthday_catalog.py. Do not edit by hand.
-- Prices and URLs are a research snapshot; non-Delio quantities are demo inventory.
-- Money is stored in minor units: 1299 means 12.99 PLN.

PRAGMA foreign_keys = ON;

BEGIN IMMEDIATE;

DROP VIEW IF EXISTS catalog_availability;
DROP TABLE IF EXISTS catalog_offers;
DROP TABLE IF EXISTS catalog_products;
DROP TABLE IF EXISTS catalog_stores;

CREATE TABLE catalog_stores (
    id TEXT PRIMARY KEY,
    slug TEXT NOT NULL UNIQUE,
    name TEXT NOT NULL,
    city TEXT NOT NULL,
    country_code TEXT NOT NULL DEFAULT 'PL' CHECK (length(country_code) = 2),
    status TEXT NOT NULL CHECK (status IN ('open', 'temporarily_closed', 'inactive')),
    created_at TEXT NOT NULL,
    updated_at TEXT NOT NULL
);

CREATE TABLE catalog_products (
    id TEXT PRIMARY KEY,
    sku TEXT NOT NULL UNIQUE,
    name TEXT NOT NULL,
    brand TEXT NOT NULL,
    category TEXT NOT NULL,
    unit_label TEXT NOT NULL,
    description TEXT NOT NULL,
    created_at TEXT NOT NULL,
    updated_at TEXT NOT NULL
);

CREATE TABLE catalog_offers (
    store_id TEXT NOT NULL REFERENCES catalog_stores(id) ON DELETE CASCADE,
    product_id TEXT NOT NULL REFERENCES catalog_products(id) ON DELETE CASCADE,
    product_url TEXT NOT NULL CHECK (product_url GLOB 'https://*'),
    price_cents INTEGER NOT NULL CHECK (price_cents >= 0),
    currency TEXT NOT NULL DEFAULT 'PLN' CHECK (length(currency) = 3),
    quantity INTEGER NOT NULL CHECK (quantity >= 0),
    availability_status TEXT NOT NULL CHECK (
        availability_status IN ('available', 'low_stock', 'out_of_stock', 'discontinued')
    ),
    is_available INTEGER GENERATED ALWAYS AS (
        CASE
            WHEN availability_status IN ('available', 'low_stock') AND quantity > 0 THEN 1
            ELSE 0
        END
    ) STORED,
    updated_at TEXT NOT NULL,
    PRIMARY KEY (store_id, product_id),
    CHECK (
        (availability_status = 'available' AND quantity >= 6)
        OR (availability_status = 'low_stock' AND quantity BETWEEN 1 AND 5)
        OR (availability_status IN ('out_of_stock', 'discontinued') AND quantity = 0)
    )
);

CREATE INDEX idx_catalog_products_category ON catalog_products(category, name);
CREATE INDEX idx_catalog_offers_product_price ON catalog_offers(product_id, price_cents);
CREATE INDEX idx_catalog_offers_status ON catalog_offers(availability_status, store_id);

INSERT INTO catalog_stores
    (id, slug, name, city, country_code, status, created_at, updated_at)
VALUES
    ('store-allegro', 'allegro', 'Allegro', 'Warsaw', 'PL', 'open', '2026-07-11T13:00:00Z', '2026-07-11T14:00:00Z'),
    ('store-auchan', 'auchan', 'Auchan', 'Warsaw', 'PL', 'open', '2026-07-11T13:00:00Z', '2026-07-11T13:00:00Z'),
    ('store-decathlon', 'decathlon', 'Decathlon', 'Warsaw', 'PL', 'open', '2026-07-11T13:00:00Z', '2026-07-11T13:00:00Z'),
    ('store-delio', 'delio', 'delio', 'Warsaw', 'PL', 'open', '2026-07-11T13:00:00Z', '2026-07-11T13:00:00Z'),
    ('store-kaufland', 'kaufland', 'Kaufland Marketplace', 'Warsaw', 'PL', 'open', '2026-07-11T13:00:00Z', '2026-07-11T14:00:00Z'),
    ('store-lidl', 'lidl', 'Lidl', 'Warsaw', 'PL', 'open', '2026-07-11T13:00:00Z', '2026-07-11T13:00:00Z'),
    ('store-smyk', 'smyk', 'Smyk', 'Warsaw', 'PL', 'open', '2026-07-11T13:00:00Z', '2026-07-11T14:00:00Z');

INSERT INTO catalog_products
    (id, sku, name, brand, category, unit_label, description, created_at, updated_at)
VALUES
    ('product-delio-a0000718', 'A0000718', 'Banan', 'TARGBAN/WIGANT', 'fruit', '1 kg', 'Researched birthday catalog product from delio; price observed on 2026-07-11.', '2026-07-11T13:00:00Z', '2026-07-11T13:00:00Z'),
    ('product-delio-a0007812', 'A0007812', 'Arbuz bezpestkowy', 'WIGANT', 'fruit', '1 szt.', 'Researched birthday catalog product from delio; price observed on 2026-07-11.', '2026-07-11T13:00:00Z', '2026-07-11T13:00:00Z'),
    ('product-delio-a0024318', 'A0024318', 'Malina polska prosto od rolnika', 'MR FRUITS', 'fruit', '250 g', 'Researched birthday catalog product from delio; price observed on 2026-07-11.', '2026-07-11T13:00:00Z', '2026-07-11T13:00:00Z'),
    ('product-delio-cb000503', 'CB000503', '2x Truskawki polskie prosto od rolnika', 'MR FRUITS', 'fruit', '2 opakowania', 'Researched birthday catalog product from delio; price observed on 2026-07-11.', '2026-07-11T13:00:00Z', '2026-07-11T13:00:00Z'),
    ('product-delio-a0019859', 'A0019859', 'Borówka amerykańska', 'AGRONOM BERRIES', 'fruit', '500 g', 'Researched birthday catalog product from delio; price observed on 2026-07-11.', '2026-07-11T13:00:00Z', '2026-07-11T13:00:00Z'),
    ('product-delio-a0001108', 'A0001108', 'Kiwi', 'WIGANT', 'fruit', '1 szt.', 'Researched birthday catalog product from delio; price observed on 2026-07-11.', '2026-07-11T13:00:00Z', '2026-07-11T13:00:00Z'),
    ('product-delio-a0021289', 'A0021289', 'Pomarańcze BIO', 'EKOWITAL', 'fruit', '800 g', 'Researched birthday catalog product from delio; price observed on 2026-07-11.', '2026-07-11T13:00:00Z', '2026-07-11T13:00:00Z'),
    ('product-delio-a0001102', 'A0001102', 'Gruszka konferencja', 'MAXVEGA', 'fruit', '800 g', 'Researched birthday catalog product from delio; price observed on 2026-07-11.', '2026-07-11T13:00:00Z', '2026-07-11T13:00:00Z'),
    ('product-delio-a0003292', 'A0003292', 'Melon żółty', 'WIGANT', 'fruit', '1 szt.', 'Researched birthday catalog product from delio; price observed on 2026-07-11.', '2026-07-11T13:00:00Z', '2026-07-11T13:00:00Z'),
    ('product-delio-a0001116', 'A0001116', 'Nektarynka', 'BUKAT', 'fruit', '500 g', 'Researched birthday catalog product from delio; price observed on 2026-07-11.', '2026-07-11T13:00:00Z', '2026-07-11T13:00:00Z'),
    ('product-delio-a0024845', 'A0024845', 'Morele', 'BUKAT', 'fruit', '500 g', 'Researched birthday catalog product from delio; price observed on 2026-07-11.', '2026-07-11T13:00:00Z', '2026-07-11T13:00:00Z'),
    ('product-delio-a0001091', 'A0001091', 'Ananas miodowy królewski', 'WIGANT/NATURE''S PRODUCE/BUKAT', 'fruit', '1 szt.', 'Researched birthday catalog product from delio; price observed on 2026-07-11.', '2026-07-11T13:00:00Z', '2026-07-11T13:00:00Z'),
    ('product-delio-a0001112', 'A0001112', 'Mandarynka', 'TARGBAN/WIGANT', 'fruit', '600 g', 'Researched birthday catalog product from delio; price observed on 2026-07-11.', '2026-07-11T13:00:00Z', '2026-07-11T13:00:00Z'),
    ('product-delio-a0020195', 'A0020195', 'Jabłka Ligol luz', 'MR FRUITS', 'fruit', '1 kg', 'Researched birthday catalog product from delio; price observed on 2026-07-11.', '2026-07-11T13:00:00Z', '2026-07-11T13:00:00Z'),
    ('product-delio-a0009615', 'A0009615', 'Kubek mix melonów', 'BUKAT/OLSZA OLBRYSZ', 'fruit', '150 g', 'Researched birthday catalog product from delio; price observed on 2026-07-11.', '2026-07-11T13:00:00Z', '2026-07-11T13:00:00Z'),
    ('product-delio-a0004366', 'A0004366', 'Żelki Wummis dżdżownice', 'Haribo', 'sweets', '175 g', 'Researched birthday catalog product from delio; price observed on 2026-07-11.', '2026-07-11T13:00:00Z', '2026-07-11T13:00:00Z'),
    ('product-delio-a0000325', 'A0000325', 'Śmiejżelki', 'Nimm2', 'sweets', '100 g', 'Researched birthday catalog product from delio; price observed on 2026-07-11.', '2026-07-11T13:00:00Z', '2026-07-11T13:00:00Z'),
    ('product-delio-a0011721', 'A0011721', 'Żelki Misiowe Parki', 'Haribo', 'sweets', '160 g', 'Researched birthday catalog product from delio; price observed on 2026-07-11.', '2026-07-11T13:00:00Z', '2026-07-11T13:00:00Z'),
    ('product-delio-a0011724', 'A0011724', 'Żelki Pico-Balla', 'Haribo', 'sweets', '85 g', 'Researched birthday catalog product from delio; price observed on 2026-07-11.', '2026-07-11T13:00:00Z', '2026-07-11T13:00:00Z'),
    ('product-delio-a0022135', 'A0022135', 'Ciastka Oreo Original', 'Mondelez', 'sweets', '154 g', 'Researched birthday catalog product from delio; price observed on 2026-07-11.', '2026-07-11T13:00:00Z', '2026-07-11T13:00:00Z'),
    ('product-delio-a0022131', 'A0022131', 'Ciastka Oreo Double', 'Mondelez', 'sweets', '157 g', 'Researched birthday catalog product from delio; price observed on 2026-07-11.', '2026-07-11T13:00:00Z', '2026-07-11T13:00:00Z'),
    ('product-delio-a0022130', 'A0022130', 'Ciastka Oreo Golden', 'Mondelez', 'sweets', '154 g', 'Researched birthday catalog product from delio; price observed on 2026-07-11.', '2026-07-11T13:00:00Z', '2026-07-11T13:00:00Z'),
    ('product-delio-a0000286', 'A0000286', 'Baton Kinder Bueno White', 'Ferrero', 'sweets', '39 g', 'Researched birthday catalog product from delio; price observed on 2026-07-11.', '2026-07-11T13:00:00Z', '2026-07-11T13:00:00Z'),
    ('product-delio-a0008021', 'A0008021', 'Baton Kinder Country', 'Ferrero', 'sweets', '23.5 g', 'Researched birthday catalog product from delio; price observed on 2026-07-11.', '2026-07-11T13:00:00Z', '2026-07-11T13:00:00Z'),
    ('product-delio-a0010454', 'A0010454', 'Baton czekoladowy KitKat 4 Finger', 'Nestlé', 'sweets', '41.5 g', 'Researched birthday catalog product from delio; price observed on 2026-07-11.', '2026-07-11T13:00:00Z', '2026-07-11T13:00:00Z'),
    ('product-delio-a0024869', 'A0024869', 'Czekolada Alpejskie Mleko Milka', 'Milka', 'sweets', '45 g', 'Researched birthday catalog product from delio; price observed on 2026-07-11.', '2026-07-11T13:00:00Z', '2026-07-11T13:00:00Z'),
    ('product-delio-a0019091', 'A0019091', 'Ptasie Mleczko czekoladowe', 'E. Wedel', 'sweets', '340 g', 'Researched birthday catalog product from delio; price observed on 2026-07-11.', '2026-07-11T13:00:00Z', '2026-07-11T13:00:00Z'),
    ('product-delio-a0019090', 'A0019090', 'Ptasie Mleczko mascarpone z maliną', 'E. Wedel', 'sweets', '340 g', 'Researched birthday catalog product from delio; price observed on 2026-07-11.', '2026-07-11T13:00:00Z', '2026-07-11T13:00:00Z'),
    ('product-delio-a0024763', 'A0024763', 'Wafel Prince Polo', 'Prince Polo', 'sweets', '38 g', 'Researched birthday catalog product from delio; price observed on 2026-07-11.', '2026-07-11T13:00:00Z', '2026-07-11T13:00:00Z'),
    ('product-delio-a0020879', 'A0020879', 'Dumle Original cukierki czekoladowe', 'Fazer', 'sweets', '150 g', 'Researched birthday catalog product from delio; price observed on 2026-07-11.', '2026-07-11T13:00:00Z', '2026-07-11T13:00:00Z'),
    ('product-auchan-auchan-00141973', 'AUCHAN-00141973', 'Kubki jednorazowe 250 ml, 10 szt.', 'Actuel', 'tableware', '10 × 250 ml', 'Researched birthday catalog product from Auchan; price observed on 2026-07-11.', '2026-07-11T13:00:00Z', '2026-07-11T13:00:00Z'),
    ('product-auchan-auchan-00701037', 'AUCHAN-00701037', 'Jednorazowe talerze obiadowe 23 cm', 'Actuel', 'tableware', '20 szt.', 'Researched birthday catalog product from Auchan; price observed on 2026-07-11.', '2026-07-11T13:00:00Z', '2026-07-11T13:00:00Z'),
    ('product-auchan-auchan-00701039', 'AUCHAN-00701039', 'Jednorazowe talerze deserowe 18 cm', 'Actuel', 'tableware', '10 szt.', 'Researched birthday catalog product from Auchan; price observed on 2026-07-11.', '2026-07-11T13:00:00Z', '2026-07-11T13:00:00Z'),
    ('product-auchan-auchan-00676749', 'AUCHAN-00676749', 'Talerze jednorazowe 23 cm', 'Auchan', 'tableware', '50 szt.', 'Researched birthday catalog product from Auchan; price observed on 2026-07-11.', '2026-07-11T13:00:00Z', '2026-07-11T13:00:00Z'),
    ('product-auchan-auchan-00669293', 'AUCHAN-00669293', 'Słomki papierowe', 'Actuel', 'tableware', '50 szt.', 'Researched birthday catalog product from Auchan; price observed on 2026-07-11.', '2026-07-11T13:00:00Z', '2026-07-11T13:00:00Z'),
    ('product-auchan-auchan-00215979', 'AUCHAN-00215979', 'Tort śmietankowy', 'Cukiernia Auchan', 'cakes', 'ok. 1 kg', 'Researched birthday catalog product from Auchan; price observed on 2026-07-11.', '2026-07-11T13:00:00Z', '2026-07-11T13:00:00Z'),
    ('product-auchan-auchan-00097091', 'AUCHAN-00097091', 'Tort czekoladowy', 'Cukiernia Auchan', 'cakes', 'ok. 1 kg', 'Researched birthday catalog product from Auchan; price observed on 2026-07-11.', '2026-07-11T13:00:00Z', '2026-07-11T13:00:00Z'),
    ('product-auchan-auchan-00125654', 'AUCHAN-00125654', 'Tort Czarny Las', 'Cukiernia Auchan', 'cakes', 'ok. 1 kg', 'Researched birthday catalog product from Auchan; price observed on 2026-07-11.', '2026-07-11T13:00:00Z', '2026-07-11T13:00:00Z'),
    ('product-auchan-auchan-00009499', 'AUCHAN-00009499', 'Tort śmietanowy z owocami', 'Cukiernia Auchan', 'cakes', 'ok. 1 kg', 'Researched birthday catalog product from Auchan; price observed on 2026-07-11.', '2026-07-11T13:00:00Z', '2026-07-11T13:00:00Z'),
    ('product-auchan-auchan-00696080', 'AUCHAN-00696080', 'Winogrona białe bezpestkowe', 'Owoce Auchan', 'fruit', '500 g', 'Researched birthday catalog product from Auchan; price observed on 2026-07-11.', '2026-07-11T13:00:00Z', '2026-07-11T13:00:00Z'),
    ('product-auchan-auchan-00033963', 'AUCHAN-00033963', 'Arbuz na wagę', 'Owoce Auchan', 'fruit', 'ok. 4 kg', 'Researched birthday catalog product from Auchan; price observed on 2026-07-11.', '2026-07-11T13:00:00Z', '2026-07-11T13:00:00Z'),
    ('product-auchan-auchan-00660657', 'AUCHAN-00660657', 'Arbuz mini bezpestkowy', 'Owoce Auchan', 'fruit', 'ok. 2 kg', 'Researched birthday catalog product from Auchan; price observed on 2026-07-11.', '2026-07-11T13:00:00Z', '2026-07-11T13:00:00Z'),
    ('product-auchan-auchan-00634749', 'AUCHAN-00634749', 'Sok pomarańczowy', 'Auchan', 'beverages', '1 l', 'Researched birthday catalog product from Auchan; price observed on 2026-07-11.', '2026-07-11T13:00:00Z', '2026-07-11T13:00:00Z'),
    ('product-auchan-auchan-00019370', 'AUCHAN-00019370', 'Sok 100% jabłko', 'Tymbark', 'beverages', '1 l', 'Researched birthday catalog product from Auchan; price observed on 2026-07-11.', '2026-07-11T13:00:00Z', '2026-07-11T13:00:00Z'),
    ('product-auchan-auchan-00122879', 'AUCHAN-00122879', 'Sok marchew–malina–jabłko', 'Kubuś', 'beverages', '300 ml', 'Researched birthday catalog product from Auchan; price observed on 2026-07-11.', '2026-07-11T13:00:00Z', '2026-07-11T13:00:00Z'),
    ('product-allegro-alg-001', 'ALG-001', 'Zestaw talerzyki i kubeczki Minecraft', 'Procos', 'tableware', 'zestaw 16 szt.', 'Researched birthday catalog product from Allegro; price observed on 2026-07-11.', '2026-07-11T13:00:00Z', '2026-07-11T13:00:00Z'),
    ('product-allegro-alg-002', 'ALG-002', 'Kubeczki Psi Patrol Skye i Everest', 'bez marki', 'tableware', '8 × 250 ml', 'Researched birthday catalog product from Allegro; price observed on 2026-07-11.', '2026-07-11T13:00:00Z', '2026-07-11T13:00:00Z'),
    ('product-allegro-alg-003', 'ALG-003', 'Kubeczki papierowe Psi Patrol', 'Procos', 'tableware', '8 × 200 ml', 'Researched birthday catalog product from Allegro; price observed on 2026-07-11.', '2026-07-11T13:00:00Z', '2026-07-11T13:00:00Z'),
    ('product-allegro-alg-004', 'ALG-004', 'Kubeczki Psi Patrol Skye', 'Procos', 'tableware', '8 × 200 ml', 'Researched birthday catalog product from Allegro; price observed on 2026-07-11.', '2026-07-11T13:00:00Z', '2026-07-11T13:00:00Z'),
    ('product-allegro-alg-005', 'ALG-005', 'Kubeczki Pokemon', 'Amscan', 'tableware', '8 × 250 ml', 'Researched birthday catalog product from Allegro; price observed on 2026-07-11.', '2026-07-11T13:00:00Z', '2026-07-11T13:00:00Z'),
    ('product-allegro-alg-006', 'ALG-006', 'Kubeczki papierowe Psi Patrol Classic', 'Procos', 'tableware', '8 × 200 ml', 'Researched birthday catalog product from Allegro; price observed on 2026-07-11.', '2026-07-11T13:00:00Z', '2026-07-11T13:00:00Z'),
    ('product-allegro-alg-007', 'ALG-007', 'Kubeczki My Little Pony Rainbow Sparkle', 'Amscan', 'tableware', '8 × 250 ml', 'Researched birthday catalog product from Allegro; price observed on 2026-07-11.', '2026-07-11T13:00:00Z', '2026-07-11T13:00:00Z'),
    ('product-allegro-alg-008', 'ALG-008', 'Kubeczki Minecraft TNT', 'Procos', 'tableware', '8 × 200 ml', 'Researched birthday catalog product from Allegro; price observed on 2026-07-11.', '2026-07-11T13:00:00Z', '2026-07-11T13:00:00Z'),
    ('product-allegro-alg-009', 'ALG-009', 'Kubeczki papierowe Jednorożec', 'Arpex', 'tableware', '8 × 200 ml', 'Researched birthday catalog product from Allegro; price observed on 2026-07-11.', '2026-07-11T13:00:00Z', '2026-07-11T13:00:00Z'),
    ('product-allegro-alg-010', 'ALG-010', 'Balony foliowe Jednorożec', 'GoDan', 'decorations', 'zestaw 5 szt.', 'Researched birthday catalog product from Allegro; price observed on 2026-07-11.', '2026-07-11T13:00:00Z', '2026-07-11T13:00:00Z'),
    ('product-allegro-alg-011', 'ALG-011', 'Zestaw balonów Unicorn', 'Jix', 'decorations', 'zestaw 5 elementów', 'Researched birthday catalog product from Allegro; price observed on 2026-07-11.', '2026-07-11T13:00:00Z', '2026-07-11T13:00:00Z'),
    ('product-allegro-alg-012', 'ALG-012', 'Balony lateksowe Jednorożec', 'Vixen', 'decorations', 'zestaw 6 szt.', 'Researched birthday catalog product from Allegro; price observed on 2026-07-11.', '2026-07-11T13:00:00Z', '2026-07-11T13:00:00Z'),
    ('product-allegro-alg-013', 'ALG-013', 'Topper balon z konfetti', 'JAMKO', 'cake_accessories', '1 szt.', 'Researched birthday catalog product from Allegro; price observed on 2026-07-11.', '2026-07-11T13:00:00Z', '2026-07-11T13:00:00Z'),
    ('product-allegro-alg-014', 'ALG-014', 'Świeczka tęczowa cyfra 8', 'PartyPal', 'cake_accessories', '1 szt.', 'Researched birthday catalog product from Allegro; price observed on 2026-07-11.', '2026-07-11T13:00:00Z', '2026-07-11T13:00:00Z'),
    ('product-allegro-alg-015', 'ALG-015', 'Świeczka złota brokatowa cyfra 8', 'PartyDeco', 'cake_accessories', '1 szt.', 'Researched birthday catalog product from Allegro; price observed on 2026-07-11.', '2026-07-11T13:00:00Z', '2026-07-11T13:00:00Z'),
    ('product-allegro-alg-016', 'ALG-016', 'Świeczka złota brokatowa cyfra 8 Classic', 'GoDan', 'cake_accessories', '1 szt.', 'Researched birthday catalog product from Allegro; price observed on 2026-07-11.', '2026-07-11T13:00:00Z', '2026-07-11T13:00:00Z'),
    ('product-allegro-alg-017', 'ALG-017', 'Świeczka srebrna cyfra 8', 'GoDan', 'cake_accessories', '1 szt.', 'Researched birthday catalog product from Allegro; price observed on 2026-07-11.', '2026-07-11T13:00:00Z', '2026-07-11T13:00:00Z'),
    ('product-allegro-alg-018', 'ALG-018', 'Topper Minecraft My World', 'bez marki', 'cake_accessories', '1 szt.', 'Researched birthday catalog product from Allegro; price observed on 2026-07-11.', '2026-07-11T13:00:00Z', '2026-07-11T13:00:00Z'),
    ('product-allegro-alg-019', 'ALG-019', 'Personalizowany topper Minecraft z imieniem', 'bez marki', 'cake_accessories', '1 szt.', 'Researched birthday catalog product from Allegro; price observed on 2026-07-11.', '2026-07-11T13:00:00Z', '2026-07-11T13:00:00Z'),
    ('product-allegro-alg-020', 'ALG-020', 'Opłatek na tort Pokemon Pikachu z tekstem', 'All4Decor', 'cake_accessories', '1 opłatek, 10 g', 'Researched birthday catalog product from Allegro; price observed on 2026-07-11.', '2026-07-11T13:00:00Z', '2026-07-11T13:00:00Z'),
    ('product-allegro-alg-021', 'ALG-021', 'Opłatek na tort Pokemon Pikachu z napisem', 'bez marki', 'cake_accessories', '1 szt.', 'Researched birthday catalog product from Allegro; price observed on 2026-07-11.', '2026-07-11T13:00:00Z', '2026-07-11T13:00:00Z'),
    ('product-allegro-alg-022', 'ALG-022', 'Jadalne figurki Minecraft do dekoracji tortu', 'Robione z Pasją', 'cake_accessories', 'zestaw 21 elementów', 'Researched birthday catalog product from Allegro; price observed on 2026-07-11.', '2026-07-11T13:00:00Z', '2026-07-11T13:00:00Z'),
    ('product-allegro-alg-023', 'ALG-023', 'Cukrowa figurka świnki inspirowana Minecraft', 'Dekor', 'cake_accessories', '1 szt.', 'Researched birthday catalog product from Allegro; price observed on 2026-07-11.', '2026-07-11T13:00:00Z', '2026-07-11T13:00:00Z'),
    ('product-allegro-alg-024', 'ALG-024', 'Świeczka złota cyfra 8', 'bez marki', 'cake_accessories', '1 szt.', 'Researched birthday catalog product from Allegro; price observed on 2026-07-11.', '2026-07-11T13:00:00Z', '2026-07-11T13:00:00Z'),
    ('product-allegro-alg-025', 'ALG-025', 'Zestaw słodyczy Kinder, 5 rodzajów', 'Kinder', 'sweets', '1 zestaw prezentowy', 'Researched birthday catalog product from Allegro; price observed on 2026-07-11.', '2026-07-11T13:00:00Z', '2026-07-11T13:00:00Z'),
    ('product-smyk-smyk-7129541', 'SMYK-7129541', 'MEGA Construx Pokémon Bulbasaur, 175 elementów', 'MEGA', 'gifts', 'zestaw 175 elementów', 'Researched birthday catalog product from Smyk; price observed on 2026-07-11.', '2026-07-11T13:00:00Z', '2026-07-11T13:00:00Z'),
    ('product-smyk-smyk-8182066', 'SMYK-8182066', 'LEGO Creator Uroczy chomik z kwiatkiem 31376', 'LEGO', 'gifts', '1 zestaw', 'Researched birthday catalog product from Smyk; price observed on 2026-07-11.', '2026-07-11T13:00:00Z', '2026-07-11T13:00:00Z'),
    ('product-smyk-smyk-7220482', 'SMYK-7220482', 'MEGA Construx Pokémon Charmander, 180 elementów', 'MEGA', 'gifts', 'zestaw 180 elementów', 'Researched birthday catalog product from Smyk; price observed on 2026-07-11.', '2026-07-11T13:00:00Z', '2026-07-11T13:00:00Z'),
    ('product-smyk-smyk-7220480', 'SMYK-7220480', 'MEGA Pokémon Eevee, 215 elementów', 'MEGA', 'gifts', 'zestaw 215 elementów', 'Researched birthday catalog product from Smyk; price observed on 2026-07-11.', '2026-07-11T13:00:00Z', '2026-07-11T13:00:00Z'),
    ('product-smyk-smyk-7875559', 'SMYK-7875559', 'LEGO Minecraft Dom prosiaczka 21268', 'LEGO', 'gifts', '1 zestaw', 'Researched birthday catalog product from Smyk; price observed on 2026-07-11.', '2026-07-11T13:00:00Z', '2026-07-11T13:00:00Z'),
    ('product-smyk-smyk-7620364', 'SMYK-7620364', 'LEGO Creator Ciężarówka z platformą i helikopterem 31146', 'LEGO', 'gifts', '1 zestaw', 'Researched birthday catalog product from Smyk; price observed on 2026-07-11.', '2026-07-11T13:00:00Z', '2026-07-11T13:00:00Z'),
    ('product-smyk-smyk-8037320', 'SMYK-8037320', 'LEGO Minecraft Dom TNT w dżungli 21275', 'LEGO', 'gifts', '1 zestaw', 'Researched birthday catalog product from Smyk; price observed on 2026-07-11.', '2026-07-11T13:00:00Z', '2026-07-11T13:00:00Z'),
    ('product-smyk-smyk-5725436', 'SMYK-5725436', 'LEGO Classic Kreatywne klocki, średni zestaw 10696', 'LEGO', 'gifts', '1 zestaw', 'Researched birthday catalog product from Smyk; price observed on 2026-07-11.', '2026-07-11T13:00:00Z', '2026-07-11T13:00:00Z'),
    ('product-smyk-smyk-7089276', 'SMYK-7089276', 'LEGO City Radiowóz 60312', 'LEGO', 'gifts', '1 zestaw', 'Researched birthday catalog product from Smyk; price observed on 2026-07-11.', '2026-07-11T13:00:00Z', '2026-07-11T13:00:00Z'),
    ('product-smyk-smyk-8037390', 'SMYK-8037390', 'LEGO Creator 3 w 1 Tropikalny tukan 31173', 'LEGO', 'gifts', '1 zestaw', 'Researched birthday catalog product from Smyk; price observed on 2026-07-11.', '2026-07-11T13:00:00Z', '2026-07-11T13:00:00Z'),
    ('product-smyk-smyk-8103798', 'SMYK-8103798', 'CzuCzu Puzzle odkrywcy Dzika przyroda', 'CzuCzu', 'gifts', '300 elementów', 'Researched birthday catalog product from Smyk; price observed on 2026-07-11.', '2026-07-11T13:00:00Z', '2026-07-11T13:00:00Z'),
    ('product-smyk-smyk-8290835', 'SMYK-8290835', 'Ravensburger Super Mario Let''s Go! XXL', 'Ravensburger', 'gifts', '100 elementów', 'Researched birthday catalog product from Smyk; price observed on 2026-07-11.', '2026-07-11T13:00:00Z', '2026-07-11T13:00:00Z'),
    ('product-smyk-smyk-5859687', 'SMYK-5859687', 'Castorland Mapa Polski, układanka edukacyjna', 'Castorland', 'gifts', '1 zestaw', 'Researched birthday catalog product from Smyk; price observed on 2026-07-11.', '2026-07-11T13:00:00Z', '2026-07-11T13:00:00Z'),
    ('product-smyk-smyk-7556060', 'SMYK-7556060', 'Ravensburger Disney Kula 3D', 'Ravensburger', 'gifts', '72 elementy', 'Researched birthday catalog product from Smyk; price observed on 2026-07-11.', '2026-07-11T13:00:00Z', '2026-07-11T13:00:00Z'),
    ('product-smyk-smyk-7953509', 'SMYK-7953509', 'Ravensburger Pokémon Kula 3D', 'Ravensburger', 'gifts', '73 elementy', 'Researched birthday catalog product from Smyk; price observed on 2026-07-11.', '2026-07-11T13:00:00Z', '2026-07-11T13:00:00Z'),
    ('product-smyk-smyk-8297995', 'SMYK-8297995', 'Cubic Fun Harry Potter Hedwiga 3D', 'Cubic Fun', 'gifts', '93 elementy', 'Researched birthday catalog product from Smyk; price observed on 2026-07-11.', '2026-07-11T13:00:00Z', '2026-07-11T13:00:00Z'),
    ('product-smyk-smyk-7723457', 'SMYK-7723457', 'Clementoni Edukit Sonic the Hedgehog 4w1', 'Clementoni', 'gifts', '78 elementów', 'Researched birthday catalog product from Smyk; price observed on 2026-07-11.', '2026-07-11T13:00:00Z', '2026-07-11T13:00:00Z'),
    ('product-smyk-smyk-6963064', 'SMYK-6963064', 'Trefl Magiczny ołówek Polska', 'Trefl', 'gifts', '1 gra', 'Researched birthday catalog product from Smyk; price observed on 2026-07-11.', '2026-07-11T13:00:00Z', '2026-07-11T13:00:00Z'),
    ('product-smyk-smyk-6901305', 'SMYK-6901305', 'Muduko Rysostwory: Zabawa w rysowanie', 'Muduko', 'gifts', '1 gra', 'Researched birthday catalog product from Smyk; price observed on 2026-07-11.', '2026-07-11T13:00:00Z', '2026-07-11T13:00:00Z'),
    ('product-smyk-smyk-4798919', 'SMYK-4798919', 'Adamigo Kuferek pełen gier Bystre Oczko', 'Adamigo', 'gifts', 'zestaw 8 gier', 'Researched birthday catalog product from Smyk; price observed on 2026-07-11.', '2026-07-11T13:00:00Z', '2026-07-11T13:00:00Z'),
    ('product-smyk-smyk-5771448', 'SMYK-5771448', 'Kukuryku Czacha dymi', 'Kukuryku', 'gifts', '1 gra', 'Researched birthday catalog product from Smyk; price observed on 2026-07-11.', '2026-07-11T13:00:00Z', '2026-07-11T13:00:00Z'),
    ('product-smyk-smyk-8349227', 'SMYK-8349227', 'Trefl Mistrz Wiedzy: Wynalazki i Ciało człowieka', 'Trefl', 'gifts', 'zestaw 2 gier', 'Researched birthday catalog product from Smyk; price observed on 2026-07-11.', '2026-07-11T13:00:00Z', '2026-07-11T13:00:00Z'),
    ('product-smyk-smyk-6146426', 'SMYK-6146426', 'Czytaj z Albikiem: Ciało człowieka', 'Albi', 'gifts', '1 książka', 'Researched birthday catalog product from Smyk; price observed on 2026-07-11.', '2026-07-11T13:00:00Z', '2026-07-11T13:00:00Z'),
    ('product-smyk-smyk-5804516', 'SMYK-5804516', 'Detektyw Pozytywka', 'Nasza Księgarnia', 'gifts', '1 książka', 'Researched birthday catalog product from Smyk; price observed on 2026-07-11.', '2026-07-11T13:00:00Z', '2026-07-11T13:00:00Z'),
    ('product-smyk-smyk-6634890', 'SMYK-6634890', 'Wielka księga supermocy', 'Mamania', 'gifts', '1 książka', 'Researched birthday catalog product from Smyk; price observed on 2026-07-11.', '2026-07-11T13:00:00Z', '2026-07-11T13:00:00Z'),
    ('product-smyk-smyk-7813901', 'SMYK-7813901', 'Ravensburger GraviTrax Pro, zestaw startowy i Mixer', 'Ravensburger', 'gifts', '1 zestaw', 'Researched birthday catalog product from Smyk; price observed on 2026-07-11.', '2026-07-11T13:00:00Z', '2026-07-11T13:00:00Z'),
    ('product-smyk-smyk-8357568', 'SMYK-8357568', 'Mideer Origami papierowe zwierzęta', 'Mideer', 'gifts', '1 zestaw', 'Researched birthday catalog product from Smyk; price observed on 2026-07-11.', '2026-07-11T13:00:00Z', '2026-07-11T13:00:00Z'),
    ('product-decathlon-dec-8817672', 'DEC-8817672', 'Hulajnoga dla dzieci MID1', 'Oxelo', 'gifts', '1 hulajnoga', 'Researched birthday catalog product from Decathlon; price observed on 2026-07-11.', '2026-07-11T13:00:00Z', '2026-07-11T13:00:00Z'),
    ('product-decathlon-dec-8942817', 'DEC-8942817', 'Piłka do koszykówki Resist R500, rozmiar 5', 'Kipsta', 'gifts', '1 piłka', 'Researched birthday catalog product from Decathlon; price observed on 2026-07-11.', '2026-07-11T13:00:00Z', '2026-07-11T13:00:00Z'),
    ('product-decathlon-dec-f73996b3', 'DEC-F73996B3', 'Piłka nożna Goal Kids, rozmiar 4', 'Spokey', 'gifts', '1 piłka', 'Researched birthday catalog product from Decathlon; price observed on 2026-07-11.', '2026-07-11T13:00:00Z', '2026-07-11T13:00:00Z'),
    ('product-lidl-lidl-100378744', 'LIDL-100378744', 'LEGO Classic 11036 Kreatywne pojazdy', 'LEGO Classic', 'gifts', '1 zestaw', 'Researched birthday catalog product from Lidl; price observed on 2026-07-11.', '2026-07-11T13:00:00Z', '2026-07-11T13:00:00Z'),
    ('product-lidl-lidl-100378743', 'LIDL-100378743', 'LEGO Minecraft 21254 Plażowy domek żółwi', 'LEGO Minecraft', 'gifts', '1 zestaw', 'Researched birthday catalog product from Lidl; price observed on 2026-07-11.', '2026-07-11T13:00:00Z', '2026-07-11T13:00:00Z'),
    ('product-lidl-lidl-100344653', 'LIDL-100344653', 'Gra logiczna IQ Game', 'Smart Games', 'gifts', '1 gra', 'Researched birthday catalog product from Lidl; price observed on 2026-07-11.', '2026-07-11T13:00:00Z', '2026-07-11T13:00:00Z'),
    ('product-lidl-lidl-100379877', 'LIDL-100379877', 'Gra matematyczna w stylu Montessori', 'Playtive', 'gifts', '1 gra', 'Researched birthday catalog product from Lidl; price observed on 2026-07-11.', '2026-07-11T13:00:00Z', '2026-07-11T13:00:00Z'),
    ('product-lidl-lidl-100381869', 'LIDL-100381869', 'Zestaw klocków magnetycznych', 'Playtive', 'gifts', '1 zestaw', 'Researched birthday catalog product from Lidl; price observed on 2026-07-11.', '2026-07-11T13:00:00Z', '2026-07-11T13:00:00Z'),
    ('product-lidl-lidl-100378762', 'LIDL-100378762', 'LEGO Creator 31151 Tyranozaur', 'LEGO Creator', 'gifts', '1 zestaw', 'Researched birthday catalog product from Lidl; price observed on 2026-07-11.', '2026-07-11T13:00:00Z', '2026-07-11T13:00:00Z'),
    ('product-lidl-lidl-100378772', 'LIDL-100378772', 'LEGO Ninjago 71808 Mech żywiołu i ognia Kaia', 'LEGO Ninjago', 'gifts', '1 zestaw', 'Researched birthday catalog product from Lidl; price observed on 2026-07-11.', '2026-07-11T13:00:00Z', '2026-07-11T13:00:00Z'),
    ('product-lidl-lidl-100379708', 'LIDL-100379708', 'Clippys zestaw klocków mały', 'Playtive', 'gifts', '1 zestaw', 'Researched birthday catalog product from Lidl; price observed on 2026-07-11.', '2026-07-11T13:00:00Z', '2026-07-11T13:00:00Z'),
    ('product-lidl-lidl-100380118', 'LIDL-100380118', 'Gra rodzinna', 'Playtive', 'gifts', '1 gra', 'Researched birthday catalog product from Lidl; price observed on 2026-07-11.', '2026-07-11T13:00:00Z', '2026-07-11T13:00:00Z'),
    ('product-lidl-lidl-100381973', 'LIDL-100381973', 'Play-Doh zestaw startowy z zabawkami', 'Play-Doh', 'gifts', '1 zestaw', 'Researched birthday catalog product from Lidl; price observed on 2026-07-11.', '2026-07-11T13:00:00Z', '2026-07-11T13:00:00Z'),
    ('product-kaufland-kaufland-553344333', 'KAUFLAND-553344333', 'Katjes Yoghurt Gums, żelki owocowe z jogurtem', 'Katjes', 'sweets', '210 g', 'Researched birthday catalog product from Kaufland Marketplace; price observed on 2026-07-11.', '2026-07-11T13:00:00Z', '2026-07-11T13:00:00Z'),
    ('product-kaufland-kaufland-332739997', 'KAUFLAND-332739997', 'Trolli Tutto Mare, żelki owocowe', 'Trolli', 'sweets', '175 g', 'Researched birthday catalog product from Kaufland Marketplace; price observed on 2026-07-11.', '2026-07-11T13:00:00Z', '2026-07-11T13:00:00Z'),
    ('product-kaufland-kaufland-555207372', 'KAUFLAND-555207372', 'Katjes Fred Ferkel, pianki z żelkami owocowymi', 'Katjes', 'sweets', '210 g', 'Researched birthday catalog product from Kaufland Marketplace; price observed on 2026-07-11.', '2026-07-11T13:00:00Z', '2026-07-11T13:00:00Z'),
    ('product-kaufland-kaufland-535293211', 'KAUFLAND-535293211', 'Żelki Panna Cotta', 'Coś Słodkiego', 'sweets', '250 g', 'Researched birthday catalog product from Kaufland Marketplace; price observed on 2026-07-11.', '2026-07-11T13:00:00Z', '2026-07-11T13:00:00Z'),
    ('product-kaufland-kaufland-535573354', 'KAUFLAND-535573354', 'Żelki owocowe Wesołe Buźki', 'Coś Słodkiego', 'sweets', '700 g', 'Researched birthday catalog product from Kaufland Marketplace; price observed on 2026-07-11.', '2026-07-11T13:00:00Z', '2026-07-11T13:00:00Z'),
    ('product-kaufland-kaufland-535292143', 'KAUFLAND-535292143', 'Żelki Rureczki Jabłkowe', 'Coś Słodkiego', 'sweets', '250 g', 'Researched birthday catalog product from Kaufland Marketplace; price observed on 2026-07-11.', '2026-07-11T13:00:00Z', '2026-07-11T13:00:00Z'),
    ('product-kaufland-kaufland-535429917', 'KAUFLAND-535429917', 'Kubki celulozowe 250 ml', 'Clarina', 'tableware', '50 szt.', 'Researched birthday catalog product from Kaufland Marketplace; price observed on 2026-07-11.', '2026-07-11T13:00:00Z', '2026-07-11T13:00:00Z'),
    ('product-kaufland-kaufland-437575756', 'KAUFLAND-437575756', 'Haribo Berries Maliny', 'Haribo', 'sweets', '175 g', 'Researched birthday catalog product from Kaufland Marketplace; price observed on 2026-07-11.', '2026-07-11T13:00:00Z', '2026-07-11T13:00:00Z'),
    ('product-kaufland-kaufland-437575783', 'KAUFLAND-437575783', 'Haribo Fruitmania niedźwiadki jogurtowe', 'Haribo', 'sweets', '160 g', 'Researched birthday catalog product from Kaufland Marketplace; price observed on 2026-07-11.', '2026-07-11T13:00:00Z', '2026-07-11T13:00:00Z'),
    ('product-kaufland-kaufland-72757941', 'KAUFLAND-72757941', 'Haribo Smerfy bez żelatyny', 'Haribo', 'sweets', '1350 g', 'Researched birthday catalog product from Kaufland Marketplace; price observed on 2026-07-11.', '2026-07-11T13:00:00Z', '2026-07-11T13:00:00Z'),
    ('product-allegro-alg-026', 'ALG-026', 'Talerzyki Procos Minecraft 23 cm', 'Procos', 'tableware', '8 szt.', 'Researched birthday catalog product from Allegro; price observed on 2026-07-11.', '2026-07-11T14:00:00Z', '2026-07-11T14:00:00Z'),
    ('product-allegro-alg-027', 'ALG-027', 'Serwetki Minecraft Piksele 33 × 33 cm', 'Procos', 'tableware', '20 szt.', 'Researched birthday catalog product from Allegro; price observed on 2026-07-11.', '2026-07-11T14:00:00Z', '2026-07-11T14:00:00Z'),
    ('product-kaufland-kaufland-486098749', 'KAUFLAND-486098749', 'Zestaw balonów Minecraft 30 cm', 'Procos', 'decorations', '8 szt.', 'Researched birthday catalog product from Kaufland Marketplace; price observed on 2026-07-11.', '2026-07-11T14:00:00Z', '2026-07-11T14:00:00Z'),
    ('product-allegro-alg-028', 'ALG-028', 'Girlanda urodzinowa Minecraft 200 cm', 'Procos', 'decorations', '1 szt., 200 cm', 'Researched birthday catalog product from Allegro; price observed on 2026-07-11.', '2026-07-11T14:00:00Z', '2026-07-11T14:00:00Z'),
    ('product-allegro-alg-029', 'ALG-029', 'Obrus plastikowy Minecraft 120 × 180 cm', 'Procos', 'tableware', '1 szt., 120 × 180 cm', 'Researched birthday catalog product from Allegro; price observed on 2026-07-11.', '2026-07-11T14:00:00Z', '2026-07-11T14:00:00Z'),
    ('product-allegro-alg-030', 'ALG-030', 'Toppery Minecraft do babeczek', 'bez marki', 'cake_accessories', '12 szt.', 'Researched birthday catalog product from Allegro; price observed on 2026-07-11.', '2026-07-11T14:00:00Z', '2026-07-11T14:00:00Z'),
    ('product-allegro-alg-031', 'ALG-031', 'Świeczki urodzinowe Minecraft Pixel TNT', 'Towar na Festyny', 'cake_accessories', '5 szt.', 'Researched birthday catalog product from Allegro; price observed on 2026-07-11.', '2026-07-11T14:00:00Z', '2026-07-11T14:00:00Z'),
    ('product-allegro-alg-032', 'ALG-032', 'Świeczka Minecraft pikselowa cyfra 7', 'bez marki', 'cake_accessories', '1 szt., ok. 7 cm', 'Researched birthday catalog product from Allegro; price observed on 2026-07-11.', '2026-07-11T14:00:00Z', '2026-07-11T14:00:00Z'),
    ('product-allegro-alg-033', 'ALG-033', 'Świeczka Minecraft cyfra 8', 'PartyPal', 'cake_accessories', '1 szt.', 'Researched birthday catalog product from Allegro; price observed on 2026-07-11.', '2026-07-11T14:00:00Z', '2026-07-11T14:00:00Z'),
    ('product-allegro-alg-034', 'ALG-034', 'Słomki Minecraft z medalionem', 'Procos', 'tableware', '4 szt., 19.5 cm', 'Researched birthday catalog product from Allegro; price observed on 2026-07-11.', '2026-07-11T14:00:00Z', '2026-07-11T14:00:00Z'),
    ('product-smyk-smyk-8182059', 'SMYK-8182059', 'LEGO Minecraft Farma kurczaków 21585', 'LEGO', 'gifts', '1 zestaw', 'Researched birthday catalog product from Smyk; price observed on 2026-07-11.', '2026-07-11T14:00:00Z', '2026-07-11T14:00:00Z'),
    ('product-smyk-smyk-8182058', 'SMYK-8182058', 'LEGO Minecraft Podróż przez portal Netheru i Kresu 21584', 'LEGO', 'gifts', '1 zestaw', 'Researched birthday catalog product from Smyk; price observed on 2026-07-11.', '2026-07-11T14:00:00Z', '2026-07-11T14:00:00Z'),
    ('product-smyk-smyk-8182061', 'SMYK-8182061', 'LEGO Minecraft Loch zombie 21587', 'LEGO', 'gifts', '1 zestaw', 'Researched birthday catalog product from Smyk; price observed on 2026-07-11.', '2026-07-11T14:00:00Z', '2026-07-11T14:00:00Z'),
    ('product-smyk-smyk-8182057', 'SMYK-8182057', 'LEGO Minecraft Przygoda Steve’a w tajdze 21583', 'LEGO', 'gifts', '1 zestaw', 'Researched birthday catalog product from Smyk; price observed on 2026-07-11.', '2026-07-11T14:00:00Z', '2026-07-11T14:00:00Z'),
    ('product-smyk-smyk-8182060', 'SMYK-8182060', 'LEGO Minecraft Blady ogród 21586', 'LEGO', 'gifts', '1 zestaw', 'Researched birthday catalog product from Smyk; price observed on 2026-07-11.', '2026-07-11T14:00:00Z', '2026-07-11T14:00:00Z'),
    ('product-smyk-smyk-7875557', 'SMYK-7875557', 'LEGO Minecraft Bitwa na moście Netheru 21266', 'LEGO', 'gifts', '1 zestaw', 'Researched birthday catalog product from Smyk; price observed on 2026-07-11.', '2026-07-11T14:00:00Z', '2026-07-11T14:00:00Z'),
    ('product-smyk-smyk-7875558', 'SMYK-7875558', 'LEGO Minecraft Pustynny patrol złosadników 21267', 'LEGO', 'gifts', '1 zestaw', 'Researched birthday catalog product from Smyk; price observed on 2026-07-11.', '2026-07-11T14:00:00Z', '2026-07-11T14:00:00Z'),
    ('product-smyk-smyk-7875560', 'SMYK-7875560', 'LEGO Minecraft Wyprawa do pancernikowej kopalni 21269', 'LEGO', 'gifts', '1 zestaw', 'Researched birthday catalog product from Smyk; price observed on 2026-07-11.', '2026-07-11T14:00:00Z', '2026-07-11T14:00:00Z'),
    ('product-smyk-smyk-8037319', 'SMYK-8037319', 'LEGO Minecraft Spotkanie ze strażnikiem 21274', 'LEGO', 'gifts', '1 zestaw', 'Researched birthday catalog product from Smyk; price observed on 2026-07-11.', '2026-07-11T14:00:00Z', '2026-07-11T14:00:00Z'),
    ('product-smyk-smyk-7875561', 'SMYK-7875561', 'LEGO Minecraft Dom grzybowej krowy 21270', 'LEGO', 'gifts', '1 zestaw', 'Researched birthday catalog product from Smyk; price observed on 2026-07-11.', '2026-07-11T14:00:00Z', '2026-07-11T14:00:00Z');

INSERT INTO catalog_offers
    (store_id, product_id, product_url, price_cents, currency, quantity,
     availability_status, updated_at)
VALUES
    ('store-delio', 'product-delio-a0000718', 'https://delio.com.pl/products/A0000718-banan', '589', 'PLN', '199', 'available', '2026-07-11T13:00:00Z'),
    ('store-delio', 'product-delio-a0007812', 'https://delio.com.pl/products/A0007812-arbuz-bezpestkowy', '3399', 'PLN', '26', 'available', '2026-07-11T13:00:00Z'),
    ('store-delio', 'product-delio-a0024318', 'https://delio.com.pl/products/A0024318-malina-polska-prosto-od-rolnika', '1299', 'PLN', '2', 'low_stock', '2026-07-11T13:00:00Z'),
    ('store-delio', 'product-delio-cb000503', 'https://delio.com.pl/products/CB000503-2x-truskawki-polskie-prosto-od-rolnika', '2499', 'PLN', '95', 'available', '2026-07-11T13:00:00Z'),
    ('store-delio', 'product-delio-a0019859', 'https://delio.com.pl/products/A0019859-borowka-amerykanska', '3799', 'PLN', '11', 'available', '2026-07-11T13:00:00Z'),
    ('store-delio', 'product-delio-a0001108', 'https://delio.com.pl/products/A0001108-kiwi', '219', 'PLN', '155', 'available', '2026-07-11T13:00:00Z'),
    ('store-delio', 'product-delio-a0021289', 'https://delio.com.pl/products/A0021289-pomarancze-bio', '1599', 'PLN', '8', 'available', '2026-07-11T13:00:00Z'),
    ('store-delio', 'product-delio-a0001102', 'https://delio.com.pl/products/A0001102-gruszka-konferencja', '899', 'PLN', '23', 'available', '2026-07-11T13:00:00Z'),
    ('store-delio', 'product-delio-a0003292', 'https://delio.com.pl/products/A0003292-melon-zolty', '1499', 'PLN', '15', 'available', '2026-07-11T13:00:00Z'),
    ('store-delio', 'product-delio-a0001116', 'https://delio.com.pl/products/A0001116-nektarynka', '809', 'PLN', '33', 'available', '2026-07-11T13:00:00Z'),
    ('store-delio', 'product-delio-a0024845', 'https://delio.com.pl/products/A0024845-morele', '849', 'PLN', '7', 'available', '2026-07-11T13:00:00Z'),
    ('store-delio', 'product-delio-a0001091', 'https://delio.com.pl/products/A0001091-ananas-miodowy-krolewski', '1289', 'PLN', '18', 'available', '2026-07-11T13:00:00Z'),
    ('store-delio', 'product-delio-a0001112', 'https://delio.com.pl/products/A0001112-mandarynka', '549', 'PLN', '23', 'available', '2026-07-11T13:00:00Z'),
    ('store-delio', 'product-delio-a0020195', 'https://delio.com.pl/products/A0020195-jablka-ligol-luz', '599', 'PLN', '22', 'available', '2026-07-11T13:00:00Z'),
    ('store-delio', 'product-delio-a0009615', 'https://delio.com.pl/products/A0009615-kubek-mix-melonow', '649', 'PLN', '8', 'available', '2026-07-11T13:00:00Z'),
    ('store-delio', 'product-delio-a0004366', 'https://delio.com.pl/products/A0004366-zelki-wummis-dzdzownice-haribo', '769', 'PLN', '13', 'available', '2026-07-11T13:00:00Z'),
    ('store-delio', 'product-delio-a0000325', 'https://delio.com.pl/products/A0000325-smiejzelki-nimm2', '449', 'PLN', '41', 'available', '2026-07-11T13:00:00Z'),
    ('store-delio', 'product-delio-a0011721', 'https://delio.com.pl/products/A0011721-zelki-misiowe-parki-haribo', '699', 'PLN', '0', 'out_of_stock', '2026-07-11T13:00:00Z'),
    ('store-delio', 'product-delio-a0011724', 'https://delio.com.pl/products/A0011724-zelki-pico-balla-haribo', '419', 'PLN', '14', 'available', '2026-07-11T13:00:00Z'),
    ('store-delio', 'product-delio-a0022135', 'https://delio.com.pl/products/A0022135-ciastka-oreo-original', '689', 'PLN', '5', 'low_stock', '2026-07-11T13:00:00Z'),
    ('store-delio', 'product-delio-a0022131', 'https://delio.com.pl/products/A0022131-ciastka-oreo-double', '719', 'PLN', '5', 'low_stock', '2026-07-11T13:00:00Z'),
    ('store-delio', 'product-delio-a0022130', 'https://delio.com.pl/products/A0022130-ciastka-oreo-golden', '719', 'PLN', '5', 'low_stock', '2026-07-11T13:00:00Z'),
    ('store-delio', 'product-delio-a0000286', 'https://delio.com.pl/products/A0000286-baton-kinder-bueno-white', '399', 'PLN', '100', 'available', '2026-07-11T13:00:00Z'),
    ('store-delio', 'product-delio-a0008021', 'https://delio.com.pl/products/A0008021-baton-kinder-country', '259', 'PLN', '142', 'available', '2026-07-11T13:00:00Z'),
    ('store-delio', 'product-delio-a0010454', 'https://delio.com.pl/products/A0010454-baton-czekoladowy-kitkat-4-finger', '429', 'PLN', '19', 'available', '2026-07-11T13:00:00Z'),
    ('store-delio', 'product-delio-a0024869', 'https://delio.com.pl/products/A0024869-czekolada-alpejskie-mleko-milka', '619', 'PLN', '23', 'available', '2026-07-11T13:00:00Z'),
    ('store-delio', 'product-delio-a0019091', 'https://delio.com.pl/products/A0019091-ptasie-mleczko-czekoladowe-wedel', '2759', 'PLN', '12', 'available', '2026-07-11T13:00:00Z'),
    ('store-delio', 'product-delio-a0019090', 'https://delio.com.pl/products/A0019090-ptasie-mleczko-mascarpone-z-malina-wedel', '2759', 'PLN', '17', 'available', '2026-07-11T13:00:00Z'),
    ('store-delio', 'product-delio-a0024763', 'https://delio.com.pl/products/A0024763-wafel-z-odrobina-czekolady-prince-polo', '319', 'PLN', '23', 'available', '2026-07-11T13:00:00Z'),
    ('store-delio', 'product-delio-a0020879', 'https://delio.com.pl/products/A0020879-dumle-original-cukierki-czekoladowe', '797', 'PLN', '0', 'out_of_stock', '2026-07-11T13:00:00Z'),
    ('store-auchan', 'product-auchan-auchan-00141973', 'https://zakupy.auchan.pl/products/kubki-jednorazowe-250-ml-actuel-10-sztuk/00141973', '799', 'PLN', '10', 'available', '2026-07-11T13:00:00Z'),
    ('store-auchan', 'product-auchan-auchan-00701037', 'https://zakupy.auchan.pl/products/jednorazowy-talerze-obiadowe-%C5%9Brednica-23-cm-actuel-20-sztuk/00701037', '599', 'PLN', '10', 'available', '2026-07-11T13:00:00Z'),
    ('store-auchan', 'product-auchan-auchan-00701039', 'https://zakupy.auchan.pl/products/jednorazowe-talerze-deserowe-%C5%9Brednica-18-cm-10-sztuk-actuel-10-sztuk/00701039', '499', 'PLN', '10', 'available', '2026-07-11T13:00:00Z'),
    ('store-auchan', 'product-auchan-auchan-00676749', 'https://zakupy.auchan.pl/products/talerz-jednorazowy-%C5%9Brednica-23-cm-50-sztuk-auchan-50-sztuk/00676749', '1399', 'PLN', '10', 'available', '2026-07-11T13:00:00Z'),
    ('store-auchan', 'product-auchan-auchan-00669293', 'https://zakupy.auchan.pl/products/s%C5%82omki-papierowe-actuel-50-sztuk/00669293', '599', 'PLN', '10', 'available', '2026-07-11T13:00:00Z'),
    ('store-auchan', 'product-auchan-auchan-00215979', 'https://zakupy.auchan.pl/products/tort-%C5%9Bmietankowy-cukiernia-auchan-na-wag%C4%99-ok-1-kg/00215979', '5490', 'PLN', '10', 'available', '2026-07-11T13:00:00Z'),
    ('store-auchan', 'product-auchan-auchan-00097091', 'https://zakupy.auchan.pl/products/tort-czekoladowy-cukiernia-auchan-na-wag%C4%99-ok-1-kg/00097091', '5990', 'PLN', '10', 'available', '2026-07-11T13:00:00Z'),
    ('store-auchan', 'product-auchan-auchan-00125654', 'https://zakupy.auchan.pl/products/tort-czarny-las-cukiernia-auchan-na-wag%C4%99-ok-1-kg/00125654', '5990', 'PLN', '10', 'available', '2026-07-11T13:00:00Z'),
    ('store-auchan', 'product-auchan-auchan-00009499', 'https://zakupy.auchan.pl/products/tort-%C5%9Bmietanowy-z-owocami-cukiernia-auchan-na-wag%C4%99-ok-1-kg/00009499', '5690', 'PLN', '10', 'available', '2026-07-11T13:00:00Z'),
    ('store-auchan', 'product-auchan-auchan-00696080', 'https://zakupy.auchan.pl/products/winogrona-bia%C5%82e-bezpestkowe-owoce-auchan-500-g/00696080', '1149', 'PLN', '10', 'available', '2026-07-11T13:00:00Z'),
    ('store-auchan', 'product-auchan-auchan-00033963', 'https://zakupy.auchan.pl/products/arbuz-owoce-auchan-na-wag%C4%99-ok-4-kg/00033963', '1196', 'PLN', '10', 'available', '2026-07-11T13:00:00Z'),
    ('store-auchan', 'product-auchan-auchan-00660657', 'https://zakupy.auchan.pl/products/arbuz-mini-bezpestkowy-owoce-auchan-na-wag%C4%99-ok-2-kg/00660657', '1598', 'PLN', '10', 'available', '2026-07-11T13:00:00Z'),
    ('store-auchan', 'product-auchan-auchan-00634749', 'https://zakupy.auchan.pl/products/sok-pomara%C5%84czowy-auchan-1-l/00634749', '598', 'PLN', '10', 'available', '2026-07-11T13:00:00Z'),
    ('store-auchan', 'product-auchan-auchan-00019370', 'https://zakupy.auchan.pl/products/sok-100-jab%C5%82ko-tymbark-1-l/00019370', '578', 'PLN', '10', 'available', '2026-07-11T13:00:00Z'),
    ('store-auchan', 'product-auchan-auchan-00122879', 'https://zakupy.auchan.pl/products/sok-marchew-malina-jab%C5%82ko-kubu%C5%9B-300-ml/00122879', '298', 'PLN', '10', 'available', '2026-07-11T13:00:00Z'),
    ('store-allegro', 'product-allegro-alg-001', 'https://allegro.pl/oferta/zestaw-urodzinowy-talerzyki-8-szt-kubeczki-8-szt-minecraft-dla-dzieci-18179023864', '2490', 'PLN', '10', 'available', '2026-07-11T13:00:00Z'),
    ('store-allegro', 'product-allegro-alg-002', 'https://allegro.pl/oferta/kubeczki-urodzinowe-psi-patrol-8-sztuk-skye-i-everest-psi-patrol-kubki-17870586790', '1397', 'PLN', '10', 'available', '2026-07-11T13:00:00Z'),
    ('store-allegro', 'product-allegro-alg-003', 'https://allegro.pl/produkt/kubeczki-papierowe-urodzinowe-psi-patrol-8-szt-3da83a22-ee7a-4a61-ba81-e2f7e6f1f7c3', '939', 'PLN', '10', 'available', '2026-07-11T13:00:00Z'),
    ('store-allegro', 'product-allegro-alg-004', 'https://allegro.pl/oferta/kubeczki-psi-patrol-skye-8-sztuk-urodziny-1-99-9509121914', '999', 'PLN', '10', 'available', '2026-07-11T13:00:00Z'),
    ('store-allegro', 'product-allegro-alg-005', 'https://allegro.pl/produkt/kubki-amscan-pokemon-250-ml-8-szt-59d79a02-a67a-42d8-9675-2f0f1f31fff1', '989', 'PLN', '10', 'available', '2026-07-11T13:00:00Z'),
    ('store-allegro', 'product-allegro-alg-006', 'https://allegro.pl/oferta/kubeczki-papierowe-psi-patrol-8-sztuk-urodziny-13698137407', '976', 'PLN', '10', 'available', '2026-07-11T13:00:00Z'),
    ('store-allegro', 'product-allegro-alg-007', 'https://allegro.pl/produkt/kubki-amscan-my-little-pony-8x250-ml-d7f62565-3d8e-4dc3-a197-8f4ea48fbfb7', '901', 'PLN', '10', 'available', '2026-07-11T13:00:00Z'),
    ('store-allegro', 'product-allegro-alg-008', 'https://allegro.pl/oferta/kubeczki-jednorazowe-minecraft-papierowe-urodzinowe-200ml-8szt-14483742966', '1099', 'PLN', '10', 'available', '2026-07-11T13:00:00Z'),
    ('store-allegro', 'product-allegro-alg-009', 'https://allegro.pl/oferta/kubki-papierowe-jednorozec-op-8-szt-200ml-arpex-na-urodziny-18016839311', '410', 'PLN', '10', 'available', '2026-07-11T13:00:00Z'),
    ('store-allegro', 'product-allegro-alg-010', 'https://allegro.pl/oferta/balony-jednorozec-unicorn-zestaw-urodziny-dziecka-15738710176', '1478', 'PLN', '10', 'available', '2026-07-11T13:00:00Z'),
    ('store-allegro', 'product-allegro-alg-011', 'https://allegro.pl/oferta/balony-dekoracja-urodziny-jednorozec-unicorn-tecza-12682700100', '1899', 'PLN', '10', 'available', '2026-07-11T13:00:00Z'),
    ('store-allegro', 'product-allegro-alg-012', 'https://allegro.pl/oferta/zestaw-balonow-jednorozec-urodzinowe-na-urodziny-impreze-dekoracja-17526190642', '889', 'PLN', '10', 'available', '2026-07-11T13:00:00Z'),
    ('store-allegro', 'product-allegro-alg-013', 'https://allegro.pl/oferta/topper-balon-na-tort-urodziny-dekoracja-konfetti-ozdoba-ciast-urodzinowych-12908506154', '399', 'PLN', '10', 'available', '2026-07-11T13:00:00Z'),
    ('store-allegro', 'product-allegro-alg-014', 'https://allegro.pl/oferta/swieczka-urodzinowa-kolorowa-teczowa-cyfra-8-15607437447', '745', 'PLN', '10', 'available', '2026-07-11T13:00:00Z'),
    ('store-allegro', 'product-allegro-alg-015', 'https://allegro.pl/oferta/swieczka-na-tort-cyfra-8-zlota-brokat-urodziny-7476780146', '1199', 'PLN', '10', 'available', '2026-07-11T13:00:00Z'),
    ('store-allegro', 'product-allegro-alg-016', 'https://allegro.pl/oferta/swieczka-urodzinowa-na-tort-zloty-brokat-cyfra-8-14046536537', '349', 'PLN', '10', 'available', '2026-07-11T13:00:00Z'),
    ('store-allegro', 'product-allegro-alg-017', 'https://allegro.pl/oferta/swieczka-srebrna-tort-cyfra-8-osme-urodziny-1-99-9242181484', '599', 'PLN', '10', 'available', '2026-07-11T13:00:00Z'),
    ('store-allegro', 'product-allegro-alg-018', 'https://allegro.pl/produkt/minecraft-topper-na-tort-urodziny-dekoracje-my-world-7fc11619-144a-4237-bb4c-2b1d5708f782', '1399', 'PLN', '10', 'available', '2026-07-11T13:00:00Z'),
    ('store-allegro', 'product-allegro-alg-019', 'https://allegro.pl/produkt/topper-na-tort-urodziny-imie-minecraft-4e4fc8ba-0e10-4ab8-8007-b360eaca0c91', '1900', 'PLN', '10', 'available', '2026-07-11T13:00:00Z'),
    ('store-allegro', 'product-allegro-alg-020', 'https://allegro.pl/oferta/oplatek-na-tort-pokemon-pikachu-tort-dekoracja-13965702994', '1800', 'PLN', '10', 'available', '2026-07-11T13:00:00Z'),
    ('store-allegro', 'product-allegro-alg-021', 'https://allegro.pl/produkt/oplatek-na-tort-pokemon-pikachu-napis-fe4defad-bf77-4719-8ebf-e3df38e6c284', '1499', 'PLN', '10', 'available', '2026-07-11T13:00:00Z'),
    ('store-allegro', 'product-allegro-alg-022', 'https://allegro.pl/oferta/zestaw-do-dekoracji-tortu-na-masie-cukrowej-minecraft-figurki-na-tort-21el-17554668029', '6900', 'PLN', '10', 'available', '2026-07-11T13:00:00Z'),
    ('store-allegro', 'product-allegro-alg-023', 'https://allegro.pl/oferta/cukrowa-figurka-na-tort-swinka-jak-z-minecraft-17751566950', '3100', 'PLN', '10', 'available', '2026-07-11T13:00:00Z'),
    ('store-allegro', 'product-allegro-alg-024', 'https://allegro.pl/oferta/swieczka-cyfra-8-zlota-na-tort-urodzinowy-17680545794', '699', 'PLN', '10', 'available', '2026-07-11T13:00:00Z'),
    ('store-allegro', 'product-allegro-alg-025', 'https://allegro.pl/produkt/zestaw-slodyczy-kinder-prezent-paczka-dla-dzieci-kosz-na-urodziny-swieta-ee54d7dd-5201-4ac5-ad07-5f07c9232dff', '1990', 'PLN', '10', 'available', '2026-07-11T13:00:00Z'),
    ('store-smyk', 'product-smyk-smyk-7129541', 'https://www.smyk.com/pl/pl/p/mega-construx-pokemon-bulbasaur-klocki-175-elementow-i7129541', '2499', 'PLN', '10', 'available', '2026-07-11T13:00:00Z'),
    ('store-smyk', 'product-smyk-smyk-8182066', 'https://www.smyk.com/pl/pl/p/lego-creator-uroczy-chomik-z-kwiatkiem-31376-i8182066', '2999', 'PLN', '10', 'available', '2026-07-11T13:00:00Z'),
    ('store-smyk', 'product-smyk-smyk-7220482', 'https://www.smyk.com/pl/pl/p/mega-construx-pokemon-charmander-do-zbudowania-klocki-180-elementow-i7220482', '2499', 'PLN', '10', 'available', '2026-07-11T13:00:00Z'),
    ('store-smyk', 'product-smyk-smyk-7220480', 'https://www.smyk.com/pl/pl/p/mega-pokemon-eevee-do-zbudowania-klocki-215-elementow-i7220480', '2499', 'PLN', '10', 'available', '2026-07-11T13:00:00Z'),
    ('store-smyk', 'product-smyk-smyk-7875559', 'https://www.smyk.com/pl/pl/p/lego-minecraft-dom-prosiaczka-21268-i7875559', '5990', 'PLN', '10', 'available', '2026-07-11T13:00:00Z'),
    ('store-smyk', 'product-smyk-smyk-7620364', 'https://www.smyk.com/pl/pl/p/lego-creator-ciezarowka-z-platforma-i-helikopterem-31146-i7620364', '5749', 'PLN', '10', 'available', '2026-07-11T13:00:00Z'),
    ('store-smyk', 'product-smyk-smyk-8037320', 'https://www.smyk.com/pl/pl/p/lego-minecraft-dom-tnt-w-dzungli-21275-i8037320', '9149', 'PLN', '10', 'available', '2026-07-11T13:00:00Z'),
    ('store-smyk', 'product-smyk-smyk-5725436', 'https://www.smyk.com/pl/pl/p/lego-classic-kreatywne-klocki-lego-sredni-zestaw-10696-i5725436', '8490', 'PLN', '10', 'available', '2026-07-11T13:00:00Z'),
    ('store-smyk', 'product-smyk-smyk-7089276', 'https://www.smyk.com/pl/pl/p/lego-city-radiowoz-60312-i7089276', '2990', 'PLN', '10', 'available', '2026-07-11T13:00:00Z'),
    ('store-smyk', 'product-smyk-smyk-8037390', 'https://www.smyk.com/pl/pl/p/lego-creator-3-w-1-dzikie-zwierzeta-tropikalny-tukan-31173-i8037390', '4219', 'PLN', '10', 'available', '2026-07-11T13:00:00Z'),
    ('store-smyk', 'product-smyk-smyk-8103798', 'https://www.smyk.com/pl/pl/p/czuczu-puzzle-odkrywcy-dzika-przyroda-300-elementow-i8103798', '4799', 'PLN', '10', 'available', '2026-07-11T13:00:00Z'),
    ('store-smyk', 'product-smyk-smyk-8290835', 'https://www.smyk.com/pl/pl/p/ravensburger-super-mario-lets-go-puzzle-xxl-100-elementow-i8290835', '3999', 'PLN', '10', 'available', '2026-07-11T13:00:00Z'),
    ('store-smyk', 'product-smyk-smyk-5859687', 'https://www.smyk.com/pl/pl/p/castorland-mapa-polski-ukladanka-edukacyjna-i5859687', '3249', 'PLN', '10', 'available', '2026-07-11T13:00:00Z'),
    ('store-smyk', 'product-smyk-smyk-7556060', 'https://www.smyk.com/pl/pl/p/ravensburger-disney-kula-puzzle-3d-72-elementow-i7556060', '5249', 'PLN', '10', 'available', '2026-07-11T13:00:00Z'),
    ('store-smyk', 'product-smyk-smyk-7953509', 'https://www.smyk.com/pl/pl/p/ravensburger-pokemon-kula-puzzle-3d-73-elementy-i7953509', '5249', 'PLN', '10', 'available', '2026-07-11T13:00:00Z'),
    ('store-smyk', 'product-smyk-smyk-8297995', 'https://www.smyk.com/pl/pl/p/cubic-fun-harry-potter-hedwiga-puzzle-3d-93-elementy-i8297995', '7299', 'PLN', '10', 'available', '2026-07-11T13:00:00Z'),
    ('store-smyk', 'product-smyk-smyk-7723457', 'https://www.smyk.com/pl/pl/p/clementoni-edukit-sonic-the-hedgehog-zestaw-4w1-memory--klocki--puzzle-78-elementow-i7723457', '3649', 'PLN', '10', 'available', '2026-07-11T13:00:00Z'),
    ('store-smyk', 'product-smyk-smyk-6963064', 'https://www.smyk.com/pl/pl/p/trefl-magiczny-olowek-polska-gra-edukacyjna-i6963064', '1899', 'PLN', '10', 'available', '2026-07-11T13:00:00Z'),
    ('store-smyk', 'product-smyk-smyk-6901305', 'https://www.smyk.com/pl/pl/p/muduko-rysostwory-zabawa-w-rysowanie-kreatywna-gra-familijna-i6901305', '1349', 'PLN', '10', 'available', '2026-07-11T13:00:00Z'),
    ('store-smyk', 'product-smyk-smyk-4798919', 'https://www.smyk.com/pl/pl/p/adamigo-kuferek-pelen-gier-bystre-oczko-zestaw-8-gier-edukacyjnych-i4798919', '3449', 'PLN', '10', 'available', '2026-07-11T13:00:00Z'),
    ('store-smyk', 'product-smyk-smyk-5771448', 'https://www.smyk.com/pl/pl/p/kukuryku-czacha-dymi-gra-quizowa-i5771448', '3499', 'PLN', '10', 'available', '2026-07-11T13:00:00Z'),
    ('store-smyk', 'product-smyk-smyk-8349227', 'https://www.smyk.com/pl/pl/p/trefl-mistrz-wiedzy-wynalazki--cialo-czlowieka-gry-edukacyjne-zestaw-promocyjny-i8349227', '2499', 'PLN', '10', 'available', '2026-07-11T13:00:00Z'),
    ('store-smyk', 'product-smyk-smyk-6146426', 'https://www.smyk.com/pl/pl/p/czytaj-z-albikiem-cialo-czlowieka-i6146426', '7699', 'PLN', '10', 'available', '2026-07-11T13:00:00Z'),
    ('store-smyk', 'product-smyk-smyk-5804516', 'https://www.smyk.com/pl/pl/p/detektyw-pozytywka-i5804516', '2599', 'PLN', '10', 'available', '2026-07-11T13:00:00Z'),
    ('store-smyk', 'product-smyk-smyk-6634890', 'https://www.smyk.com/pl/pl/p/wielka-ksiega-supermocy-i6634890', '2799', 'PLN', '10', 'available', '2026-07-11T13:00:00Z'),
    ('store-smyk', 'product-smyk-smyk-7813901', 'https://www.smyk.com/pl/pl/p/ravensburger-gravitrax-pro-zestaw-startowy--mixer-zestaw-uzupelniajacy-i7813901', '29999', 'PLN', '10', 'available', '2026-07-11T13:00:00Z'),
    ('store-smyk', 'product-smyk-smyk-8357568', 'https://www.smyk.com/pl/pl/p/mideer-origami-papierowe-zwierzeta-zestaw-kreatywny-i8357568', '999', 'PLN', '10', 'available', '2026-07-11T13:00:00Z'),
    ('store-decathlon', 'product-decathlon-dec-8817672', 'https://www.decathlon.pl/p/hulajnoga-dla-dzieci-mid1/_/R-p-348713', '23999', 'PLN', '3', 'low_stock', '2026-07-11T13:00:00Z'),
    ('store-decathlon', 'product-decathlon-dec-8942817', 'https://www.decathlon.pl/p/pilka-do-koszykowki-kipsta-resist-r500-rozmiar-5/_/R-p-365467', '4999', 'PLN', '10', 'available', '2026-07-11T13:00:00Z'),
    ('store-decathlon', 'product-decathlon-dec-f73996b3', 'https://www.decathlon.pl/p/mp/spokey/pilka-do-pilki-noznej-dla-dziecka-spokey-goal-kids-r-4/_/R-p-f73996b3-9f67-4566-b221-9040d30b5313', '2499', 'PLN', '10', 'available', '2026-07-11T13:00:00Z'),
    ('store-lidl', 'product-lidl-lidl-100378744', 'https://www.lidl.pl/p/lego-classic-zestaw-klockow-lego-11036-kreatywne-pojazdy/p100378744', '16900', 'PLN', '10', 'available', '2026-07-11T13:00:00Z'),
    ('store-lidl', 'product-lidl-lidl-100378743', 'https://www.lidl.pl/p/lego-minecraft-zestaw-klockow-lego-21254-plazowy-domek-zolwi/p100378743', '8299', 'PLN', '0', 'out_of_stock', '2026-07-11T13:00:00Z'),
    ('store-lidl', 'product-lidl-lidl-100344653', 'https://www.lidl.pl/p/smart-games-gra-logiczna-iq-game/p100344653', '3999', 'PLN', '0', 'out_of_stock', '2026-07-11T13:00:00Z'),
    ('store-lidl', 'product-lidl-lidl-100379877', 'https://www.lidl.pl/p/playtive-gra-matematyczna-w-stylu-montessori/p100379877', '3199', 'PLN', '10', 'available', '2026-07-11T13:00:00Z'),
    ('store-lidl', 'product-lidl-lidl-100381869', 'https://www.lidl.pl/p/playtive-zestaw-klockow-magnetycznych/p100381869', '4499', 'PLN', '10', 'available', '2026-07-11T13:00:00Z'),
    ('store-lidl', 'product-lidl-lidl-100378762', 'https://www.lidl.pl/p/lego-creator-31151-tyranozaur/p100378762', '16999', 'PLN', '0', 'out_of_stock', '2026-07-11T13:00:00Z'),
    ('store-lidl', 'product-lidl-lidl-100378772', 'https://www.lidl.pl/p/lego-ninjago-zestaw-klockow-lego-71808-mech-zywiolu-i-ognia-kaia/p100378772', '8063', 'PLN', '0', 'out_of_stock', '2026-07-11T13:00:00Z'),
    ('store-lidl', 'product-lidl-lidl-100379708', 'https://www.lidl.pl/p/playtive-clippys-zestaw-klockow-maly/p100379708', '2999', 'PLN', '10', 'available', '2026-07-11T13:00:00Z'),
    ('store-lidl', 'product-lidl-lidl-100380118', 'https://www.lidl.pl/p/playtive-gra-rodzinna/p100380118', '4999', 'PLN', '0', 'out_of_stock', '2026-07-11T13:00:00Z'),
    ('store-lidl', 'product-lidl-lidl-100381973', 'https://www.lidl.pl/p/play-doh-zestaw-startowy-z-zabawkami/p100381973', '4049', 'PLN', '10', 'available', '2026-07-11T13:00:00Z'),
    ('store-kaufland', 'product-kaufland-kaufland-553344333', 'https://www.kaufland.pl/product/553344333/', '683', 'PLN', '10', 'available', '2026-07-11T13:00:00Z'),
    ('store-kaufland', 'product-kaufland-kaufland-332739997', 'https://www.kaufland.pl/product/332739997/', '468', 'PLN', '10', 'available', '2026-07-11T13:00:00Z'),
    ('store-kaufland', 'product-kaufland-kaufland-555207372', 'https://www.kaufland.pl/product/555207372/', '683', 'PLN', '10', 'available', '2026-07-11T13:00:00Z'),
    ('store-kaufland', 'product-kaufland-kaufland-535293211', 'https://www.kaufland.pl/product/535293211/', '928', 'PLN', '10', 'available', '2026-07-11T13:00:00Z'),
    ('store-kaufland', 'product-kaufland-kaufland-535573354', 'https://www.kaufland.pl/product/535573354/', '2199', 'PLN', '10', 'available', '2026-07-11T13:00:00Z'),
    ('store-kaufland', 'product-kaufland-kaufland-535292143', 'https://www.kaufland.pl/product/535292143/', '1049', 'PLN', '10', 'available', '2026-07-11T13:00:00Z'),
    ('store-kaufland', 'product-kaufland-kaufland-535429917', 'https://www.kaufland.pl/product/535429917/', '1929', 'PLN', '10', 'available', '2026-07-11T13:00:00Z'),
    ('store-kaufland', 'product-kaufland-kaufland-437575756', 'https://www.kaufland.pl/product/437575756/', '565', 'PLN', '10', 'available', '2026-07-11T13:00:00Z'),
    ('store-kaufland', 'product-kaufland-kaufland-437575783', 'https://www.kaufland.pl/product/437575783/', '668', 'PLN', '10', 'available', '2026-07-11T13:00:00Z'),
    ('store-kaufland', 'product-kaufland-kaufland-72757941', 'https://www.kaufland.pl/product/72757941/', '8260', 'PLN', '10', 'available', '2026-07-11T13:00:00Z'),
    ('store-allegro', 'product-allegro-alg-026', 'https://allegro.pl/oferta/talerzyki-procos-minecraft-23-cm-8-szt-18371418330', '1099', 'PLN', '10', 'available', '2026-07-11T14:00:00Z'),
    ('store-allegro', 'product-allegro-alg-027', 'https://allegro.pl/oferta/serwetki-minecraft-piksele-33x33-cm-urodziny-2-warstwowe-20-sztuk-procos-18371182458', '699', 'PLN', '10', 'available', '2026-07-11T14:00:00Z'),
    ('store-kaufland', 'product-kaufland-kaufland-486098749', 'https://www.kaufland.pl/product/486098749/', '1419', 'PLN', '10', 'available', '2026-07-11T14:00:00Z'),
    ('store-allegro', 'product-allegro-alg-028', 'https://allegro.pl/oferta/girlanda-urodzinowa-baner-minecraft-200-cm-14297593718', '1518', 'PLN', '10', 'available', '2026-07-11T14:00:00Z'),
    ('store-allegro', 'product-allegro-alg-029', 'https://allegro.pl/produkt/obrus-cerata-procos-180-cm-x-120-cm-prostokatny-39537c0f-f7df-4e19-a809-03c0b962ac4a?offerId=14297593638', '1223', 'PLN', '10', 'available', '2026-07-11T14:00:00Z'),
    ('store-allegro', 'product-allegro-alg-030', 'https://allegro.pl/produkt/minecraft-urodziny-toppery-choragiewki-do-babeczek-12-szt-81ad550a-f942-4bc7-8eca-daa0495828c7', '1399', 'PLN', '10', 'available', '2026-07-11T14:00:00Z'),
    ('store-allegro', 'product-allegro-alg-031', 'https://allegro.pl/oferta/swieczki-urodzinowe-pixel-tnt-5-szt-17496626396', '839', 'PLN', '10', 'available', '2026-07-11T14:00:00Z'),
    ('store-allegro', 'product-allegro-alg-032', 'https://allegro.pl/produkt/swieczka-na-tort-minecraft-piksele-cyfra-7-8aa529b8-dc79-4540-ac21-45e8e9ffa2c2', '699', 'PLN', '10', 'available', '2026-07-11T14:00:00Z'),
    ('store-allegro', 'product-allegro-alg-033', 'https://allegro.pl/oferta/swieczka-na-tort-urodzinowa-piksele-cyfra-8-osiem-osemka-minecraft-18231351626', '890', 'PLN', '10', 'available', '2026-07-11T14:00:00Z'),
    ('store-allegro', 'product-allegro-alg-034', 'https://allegro.pl/produkt/slomki-papier-procos-4-szt-3033bb51-6b1c-4bad-b74f-347041d529cd?offerId=14051881075', '850', 'PLN', '10', 'available', '2026-07-11T14:00:00Z'),
    ('store-smyk', 'product-smyk-smyk-8182059', 'https://www.smyk.com/pl/pl/p/lego-minecraft-farma-kurczakow-21585-i8182059', '5690', 'PLN', '10', 'available', '2026-07-11T14:00:00Z'),
    ('store-smyk', 'product-smyk-smyk-8182058', 'https://www.smyk.com/pl/pl/p/lego-minecraft-podroz-przez-portal-netheru-i-kresu-21584-i8182058', '4390', 'PLN', '10', 'available', '2026-07-11T14:00:00Z'),
    ('store-smyk', 'product-smyk-smyk-8182061', 'https://www.smyk.com/pl/pl/p/lego-minecraft-loch-zombie-21587-i8182061', '9099', 'PLN', '10', 'available', '2026-07-11T14:00:00Z'),
    ('store-smyk', 'product-smyk-smyk-8182057', 'https://www.smyk.com/pl/pl/p/lego-minecraft-przygoda-stevea-w-tajdze-21583-i8182057', '2990', 'PLN', '10', 'available', '2026-07-11T14:00:00Z'),
    ('store-smyk', 'product-smyk-smyk-8182060', 'https://www.smyk.com/pl/pl/p/lego-minecraft-blady-ogrod-21586-i8182060', '5990', 'PLN', '10', 'available', '2026-07-11T14:00:00Z'),
    ('store-smyk', 'product-smyk-smyk-7875557', 'https://www.smyk.com/pl/pl/p/lego-minecraft-bitwa-na-moscie-netheru-21266-i7875557', '2989', 'PLN', '10', 'available', '2026-07-11T14:00:00Z'),
    ('store-smyk', 'product-smyk-smyk-7875558', 'https://www.smyk.com/pl/pl/p/lego-minecraft-pustynny-patrol-zlosadnikow-21267-i7875558', '4599', 'PLN', '10', 'available', '2026-07-11T14:00:00Z'),
    ('store-smyk', 'product-smyk-smyk-7875560', 'https://www.smyk.com/pl/pl/p/lego-minecraft-wyprawa-do-pancernikowej-kopalni-21269-i7875560', '8749', 'PLN', '10', 'available', '2026-07-11T14:00:00Z'),
    ('store-smyk', 'product-smyk-smyk-8037319', 'https://www.smyk.com/pl/pl/p/lego-minecraft-spotkanie-ze-straznikiem-21274-i8037319', '6299', 'PLN', '10', 'available', '2026-07-11T14:00:00Z'),
    ('store-smyk', 'product-smyk-smyk-7875561', 'https://www.smyk.com/pl/pl/p/lego-minecraft-dom-grzybowej-krowy-21270-i7875561', '14990', 'PLN', '10', 'available', '2026-07-11T14:00:00Z');

CREATE VIEW catalog_availability AS
SELECT
    s.id AS store_id,
    s.name AS store_name,
    s.city,
    s.status AS store_status,
    p.id AS product_id,
    p.sku,
    p.name AS product_name,
    p.brand,
    p.category,
    p.unit_label,
    o.product_url,
    o.price_cents,
    o.currency,
    ROUND(o.price_cents / 100.0, 2) AS price,
    printf('%.2f %s', o.price_cents / 100.0, o.currency) AS price_display,
    o.quantity,
    o.availability_status AS inventory_status,
    CASE
        WHEN s.status <> 'open' THEN 'store_unavailable'
        ELSE o.availability_status
    END AS effective_status,
    CASE
        WHEN s.status = 'open' AND o.is_available = 1 THEN 1
        ELSE 0
    END AS is_available,
    o.updated_at
FROM catalog_offers AS o
JOIN catalog_stores AS s ON s.id = o.store_id
JOIN catalog_products AS p ON p.id = o.product_id;

COMMIT;
